value,n,pct
open,75489415,99.99128563033423
closed,6549,0.00867463245798181
temporarily closed,30,3.973720777820344e-05
