value,n,pct
road,342089020,99.40388936171583
rail,2022717,0.5877591069074996
water,28741,0.008351531376672291
