value,n,pct
hamlet,1678614,36.5135485757094
village,1530193,33.28506520004629
,1269380,27.611808486664597
town,104845,2.2806094792610168
city,14204,0.30896825831869407
