value,n,pct
tree,34655640,47.46217110216466
forest,18120919,24.81726374426981
shrub,6437882,8.816915717601695
wetland,4465696,6.115934596569341
physical,2599665,3.560336644722443
grass,2476347,3.391448117026035
rock,2040020,2.7938822740494174
land,1518779,2.080023591091509
sand,467490,0.6402447153926736
reef,116875,0.16006460268993716
glacier,115256,0.15784732276048255
crater,1964,0.002689770093544698
desert,860,0.0011778015684564362
