value,n,pct
open,99976198,92.99891618375793
closed,7526343,7.001083816242073
