{
  "checkpoint_path": "/vol/runs/runs/luxembourg_graph_v1/checkpoints/best.pt",
  "split": "test",
  "device": "cuda",
  "metrics": {
    "attr_loss": 0.2783251879391847,
    "edge_loss": 0.048181976490642556,
    "loss": 0.3265071638204433,
    "primary_tag_key_acc": 0.9644739410501659,
    "primary_tag_value_acc": 0.791756624141315,
    "road_class_acc": 0.7979224376731302,
    "building_class_acc": 0.7450250768484064,
    "landuse_class_acc": 0.8679932055326377,
    "oneway_acc": 0.9677018633540373,
    "lanes_bucket_acc": 0.9499302649930265,
    "surface_acc": 0.7765793528505393,
    "speed_bucket_acc": 0.9507947477539738,
    "bridge_acc": 0.9870563674321503,
    "tunnel_acc": 0.9966772809082098,
    "degree_bucket_acc": 0.9996494917630564,
    "length_bucket_acc": 0.9463682432432432,
    "area_bucket_acc": 0.9542229565555448,
    "levels_bucket_acc": 0.9772543958703016,
    "height_bucket_acc": 0.9982209283519328,
    "shape_bucket_acc": 0.7233665915674284,
    "edge_acc": 0.983208800332088,
    "edge_segment_connects_junction_precision": 0.9727672840638181,
    "edge_segment_connects_junction_recall": 0.992422825070159,
    "edge_segment_connects_junction_f1": 0.9824967586590109,
    "edge_segment_connects_junction_support": 10690.0,
    "edge_junction_adjacent_junction_precision": 0.9658730158730159,
    "edge_junction_adjacent_junction_recall": 0.9916479934813608,
    "edge_junction_adjacent_junction_f1": 0.97859081314705,
    "edge_junction_adjacent_junction_support": 4909.0,
    "edge_building_near_segment_precision": 0.9814553517436001,
    "edge_building_near_segment_recall": 0.9944852941176471,
    "edge_building_near_segment_f1": 0.9879273612661053,
    "edge_building_near_segment_support": 4896.0,
    "edge_poi_near_segment_precision": 0.9803921568627451,
    "edge_poi_near_segment_recall": 0.9803921568627451,
    "edge_poi_near_segment_f1": 0.9803921568627451,
    "edge_poi_near_segment_support": 663.0,
    "edge_building_inside_landuse_precision": 0.9874411302982732,
    "edge_building_inside_landuse_recall": 0.989771833202203,
    "edge_building_inside_landuse_f1": 0.9886051080550098,
    "edge_building_inside_landuse_support": 2542.0,
    "edge_poi_inside_landuse_precision": 0.9746835443037974,
    "edge_poi_inside_landuse_recall": 0.9871794871794872,
    "edge_poi_inside_landuse_f1": 0.980891719745223,
    "edge_poi_inside_landuse_support": 390.0,
    "edge_macro_precision": 0.9771020805242082,
    "edge_macro_recall": 0.9893165983189337,
    "edge_macro_f1": 0.9831506529558575
  }
}